{"schemaVersion":"1.0","appDefinitionTemplate":{"id":"/providers/Microsoft.PowerApps/apps/","type":"Microsoft.PowerApps/apps","tags":{"minimumRequiredApiVersion":"2.2.0","sienaVersion":"20210713T123752Z-3.21064.25.0","primaryDeviceWidth":"1229","primaryDeviceHeight":"768","deviceCapabilities":"","supportsPortrait":"false","supportsLandscape":"true","primaryFormFactor":"Tablet","publisherVersion":"3.21064.25","hasComponent":"false","hasUnlockedComponent":"false","isUnifiedRootApp":"false"},"properties":{"appVersion":"2021-07-13T12:37:52Z","lifeCycleId":"Published","createdByClientVersion":{"major":3,"minor":21064,"build":25,"revision":0,"majorRevision":0,"minorRevision":0},"minClientVersion":{"major":3,"minor":21064,"build":25,"revision":0,"majorRevision":0,"minorRevision":0},"backgroundColor":"rgba(0, 176, 240, 1)","backgroundImageUri":"/6552876716648161418/Nd7a5d25d-f480-4b79-8e3a-4cee116fd47d-logoSmallFile","displayName":"Home office availability display","description":"Displays the individual's currently calendar appointments (what is on now and next two in the schedule).\nShows start & end times, title, location.\nIcons change whether it is an appointment, meeting, or Teams meeting.","commitMessage":"","appUris":{"documentUri":{"value":"/6552876716648161418/Ndb5a90f6-6462-41a9-a78c-b53665d588e2-document.msapp"},"imageUris":[]},"createdTime":"0001-01-01T00:00:00Z","lastModifiedTime":"0001-01-01T00:00:00Z","sharedGroupsCount":0,"sharedUsersCount":0,"icons":{"smallIconUri":"/6552876716648161418/N56d14f2e-3c59-4483-a586-4453240a4e20-small.png","mediumIconUri":"/6552876716648161418/N71edef09-7990-43cd-a37c-492f12c13f77-medium.png","largeIconUri":"/6552876716648161418/N745ae2c7-e8d2-437c-a029-b26f1a56c44d-large.png","wideIconUri":"/6552876716648161418/Nbe7bf0de-b2ec-4398-b8fd-f02f84f09285-wide.png"},"connectionReferences":{"7e0456f3-4d0a-4109-a213-a36b81eedb19":{"id":"01f2a0ee-a815-44cb-9893-0c365c35a098","displayName":"Office 365 Outlook","iconUri":"https://connectoricons-prod.azureedge.net/releases/v1.0.1482/1.0.1482.2463/office365/icon.png","dataSources":["Office365"],"dependencies":[],"dependents":[],"parameterHints":{},"parameterHintsV2":{},"isOnPremiseConnection":false,"bypassConsent":false,"dataSets":{},"apiTier":"Standard","isCustomApiConnection":false,"actions":["CalendarGetTables","GetEventsCalendarViewV2"]},"7b9e73db-fedd-466c-b749-701140b5ed6e":{"id":"3e609258-f345-4494-9e5d-91e7f1da73f9","displayName":"MSGraph Presence Connector","iconUri":"https://az787822.vo.msecnd.net/defaulticons/api-dedicated.png","dataSources":["MSGraphPresenceConnector"],"dependencies":[],"dependents":[],"parameterHints":{},"parameterHintsV2":{},"isOnPremiseConnection":false,"bypassConsent":false,"dataSets":{},"apiTier":"Standard","isCustomApiConnection":true,"actions":["GetPresence"]}},"databaseReferences":{},"almMode":"Environment","performanceOptimizationEnabled":true,"canConsumeAppPass":true,"executionRestrictions":{"isTeamsOnly":false,"dataLossPreventionEvaluationResult":{"status":"Compliant","lastEvaluationDate":"2021-03-25T01:35:09.6259459Z","violationDetails":[]}}},"appType":"ClassicCanvasApp","appComponents":[]}}