{"schemaVersion":"1.0","appDefinitionTemplate":{"id":"/providers/Microsoft.PowerApps/apps/","type":"Microsoft.PowerApps/apps","tags":{"minimumRequiredApiVersion":"2.2.0","sienaVersion":"20210722T135729Z-3.21072.25.0","primaryDeviceWidth":"1229","primaryDeviceHeight":"768","deviceCapabilities":"","supportsPortrait":"false","supportsLandscape":"true","primaryFormFactor":"Tablet","publisherVersion":"3.21072.25","hasComponent":"false","hasUnlockedComponent":"false","isUnifiedRootApp":"false"},"properties":{"appVersion":"2021-07-22T13:57:29Z","lifeCycleId":"Published","createdByClientVersion":{"major":3,"minor":21072,"build":25,"revision":0,"majorRevision":0,"minorRevision":0},"minClientVersion":{"major":3,"minor":21072,"build":25,"revision":0,"majorRevision":0,"minorRevision":0},"backgroundColor":"rgba(149, 149, 149, 1)","backgroundImageUri":"/12463414327602867623/N9c9dc5a9-6d1c-485e-a89d-49b7fe6a7048-logoSmallFile","displayName":"Home Office Display V2","description":"Displays the individual's currently calendar appointments (what is on now and next two in the schedule).\nShows start & end times, title, location.\nIcons change whether it is an appointment, meeting, or Teams meeting.","commitMessage":"","appUris":{"documentUri":{"value":"/12463414327602867623/Ne5573416-f9a7-4096-b805-acf4c936376d-document.msapp"},"imageUris":[]},"createdTime":"0001-01-01T00:00:00Z","lastModifiedTime":"0001-01-01T00:00:00Z","sharedGroupsCount":0,"sharedUsersCount":0,"icons":{"smallIconUri":"/12463414327602867623/Ndeef99e6-e128-42e2-b690-ef7cc9157206-small.png","mediumIconUri":"/12463414327602867623/N40fa5fa5-e04f-41cc-8b21-9b4b3b475f71-medium.png","largeIconUri":"/12463414327602867623/N51ceeef5-2f4d-4e38-87ad-304ce737a38d-large.png","wideIconUri":"/12463414327602867623/N0f9b9fbe-c56b-470e-966d-4731dce6cf79-wide.png"},"connectionReferences":{"7e0456f3-4d0a-4109-a213-a36b81eedb19":{"id":"1871fe85-791d-46a5-8aa2-b97fdbc6b8c1","displayName":"Office 365 Outlook","iconUri":"https://connectoricons-prod.azureedge.net/releases/v1.0.1482/1.0.1482.2463/office365/icon.png","dataSources":["Office365","Office365Outlook"],"dependencies":[],"dependents":[],"parameterHints":{},"parameterHintsV2":{},"isOnPremiseConnection":false,"bypassConsent":false,"dataSets":{},"apiTier":"Standard","isCustomApiConnection":false,"actions":["CalendarGetTables","GetEventsCalendarViewV2"]},"7b9e73db-fedd-466c-b749-701140b5ed6e":{"id":"22eca45b-df28-4e9a-845f-544f47c67629","displayName":"MSGraph Teams Presence","iconUri":"https://prodapiicons.cdn.powerappscdn.net/20210721t000000z54cdbd75a93544aaa7b2297852fafeff/customconnectoricon.png","dataSources":["MSGraphPresenceConnector"],"dependencies":[],"dependents":[],"parameterHints":{},"parameterHintsV2":{},"isOnPremiseConnection":false,"bypassConsent":false,"dataSets":{},"apiTier":"Standard","isCustomApiConnection":true,"actions":["GetPresence"]}},"databaseReferences":{},"almMode":"Environment","performanceOptimizationEnabled":true,"canConsumeAppPass":true,"executionRestrictions":{"isTeamsOnly":false,"dataLossPreventionEvaluationResult":{"status":"Compliant","lastEvaluationDate":"2021-03-25T01:35:09.6259459Z","violationDetails":[]}}},"appType":"ClassicCanvasApp","appComponents":[]}}